<?xml version="1.0" encoding="UTF-8"?>

<!DOCTYPE hibernate-configuration PUBLIC
	"-//Hibernate/Hibernate Configuration DTD 3.0//EN"
	"http://www.hibernate.org/dtd/hibernate-configuration-3.0.dtd">

	
	<hibernate-configuration>  
   <session-factory>  
      <property name="hbm2ddl.auto">update</property>  
      <property name="dialect">org.hibernate.dialect.MySQL8Dialect</property>  
      <property name="connection.url">jdbc:mysql://localhost/Emp_Manage_1</property>  
      <property name="connection.username">root</property>  
      <property name="connection.password">Mitesh@172006</property>  
      <property name="connection.driver_class">com.mysql.cj.jdbc.Driver</property>  
      <!--  <mapping resource="employee.hbm.xml"/> -->
      
      <mapping class = "hibernate_1.Employee" />
        
   </session-factory>  
</hibernate-configuration>